i,u,c,r,y,d,t,table,class
20216,?,?,?,?,?,?,2,0
20216,?,?,?,?,1,?,5,0
175336,?,?,?,?,?,?,2,0
175336,?,?,?,4,?,?,6,0
1651222,?,?,?,?,?,?,2,1
1651222,?,?,?,?,3,?,5,1
1890361,?,?,?,?,?,?,2,1
1890361,?,?,?,1,?,?,6,1
746407,?,?,?,?,?,?,2,0
746407,?,?,?,?,6,?,5,0
1284322,?,?,?,?,?,?,2,0
1284322,?,?,?,5,?,?,6,0
381037,?,?,?,?,?,?,2,1
381037,?,?,?,7,?,?,6,1
724024,?,?,?,?,?,?,2,1
724024,?,?,?,?,7,?,5,1
1276803,?,?,?,?,?,?,2,1
1276803,?,?,?,?,8,?,5,1
1474266,?,?,?,?,?,?,2,1
1474266,?,?,?,0,?,?,6,1
1426870,?,?,?,?,?,?,2,1
1426870,?,?,?,0,?,?,6,1
869136,?,?,?,?,?,?,2,1
869136,?,?,?,8,?,?,6,1
1201641,?,?,?,?,?,?,2,0
1201641,?,?,?,?,8,?,5,0
?,?,?,8,?,?,?,4,0
?,3688179,?,8,?,?,?,1,0
105317,?,?,?,?,?,?,2,1
105317,?,?,?,3,?,?,6,1
1052929,?,?,?,?,?,?,2,0
1052929,?,?,?,3,?,?,6,0
136334,?,?,?,?,?,?,2,1
136334,?,?,?,0,?,?,6,1
169069,?,?,?,?,?,?,2,1
169069,?,?,?,7,?,?,6,1
1161951,?,?,?,?,?,?,2,1
1161951,?,?,?,7,?,?,6,1
1680454,?,?,?,?,?,?,2,1
1680454,?,?,?,?,5,?,5,1
1916080,?,?,?,?,?,?,2,1
1916080,?,?,?,1,?,?,6,1
20157,?,?,?,?,?,?,2,1
20157,?,?,?,4,?,?,6,1
1019213,?,?,?,?,?,?,2,1
1019213,?,?,?,9,?,?,6,1
667831,?,?,?,?,?,?,2,1
667831,?,?,?,2,?,?,6,1
705939,?,?,?,?,?,?,2,1
705939,?,?,?,?,6,?,5,1
988616,?,?,?,?,?,?,2,1
988616,?,?,?,3,?,?,6,1
1242807,?,?,?,?,?,?,2,0
1242807,?,?,?,6,?,?,6,0
1234805,?,?,?,?,?,?,2,0
1234805,?,?,?,?,5,?,5,0
853872,?,?,?,?,?,?,2,0
853872,?,?,?,0,?,?,6,0
529452,?,?,?,?,?,?,2,0
529452,?,?,?,6,?,?,6,0
1190038,?,?,?,?,?,?,2,1
1190038,?,?,?,?,2,?,5,1
1754727,?,?,?,?,?,?,2,1
1754727,?,?,?,2,?,?,6,1
41994,?,?,?,?,?,?,2,0
41994,?,?,?,1,?,?,6,0
616416,?,?,?,?,?,?,2,0
616416,?,?,?,3,?,?,6,0
1910384,?,?,?,?,?,?,2,0
1910384,?,?,?,?,1,?,5,0
1558228,?,?,?,?,?,?,2,0
1558228,?,?,?,0,?,?,6,0
1728541,?,?,?,?,?,?,2,0
1728541,?,?,?,1,?,?,6,0
1851268,?,?,?,?,?,?,2,0
1851268,?,?,?,?,7,?,5,0
1367013,?,?,?,?,?,?,2,1
1367013,?,?,?,?,3,?,5,1
868035,?,?,?,?,?,?,2,1
868035,?,?,?,?,9,?,5,1
802957,?,?,?,?,?,?,2,0
802957,?,?,?,6,?,?,6,0
1272088,?,?,?,?,?,?,2,1
1272088,?,?,?,?,8,?,5,1
1188212,?,?,?,?,?,?,2,1
1188212,?,?,?,4,?,?,6,1
1034039,?,?,?,?,?,?,2,1
1034039,?,?,?,?,2,?,5,1
1328405,?,?,?,?,?,?,2,1
1328405,?,?,?,0,?,?,6,1
1627254,?,?,?,?,?,?,2,0
1627254,?,?,?,6,?,?,6,0
1587884,?,?,?,?,?,?,2,0
1587884,?,?,?,?,1,?,5,0
1638914,?,?,?,?,?,?,2,0
1638914,?,?,?,1,?,?,6,0
225122,?,?,?,?,?,?,2,1
225122,?,?,?,?,2,?,5,1
1756588,?,?,?,?,?,?,2,1
1756588,?,?,?,?,6,?,5,1
665873,?,?,?,?,?,?,2,0
665873,?,?,?,2,?,?,6,0
1146457,?,?,?,?,?,?,2,0
1146457,?,?,?,?,3,?,5,0
1864836,?,?,?,?,?,?,2,0
1864836,?,?,?,8,?,?,6,0
279180,?,?,?,?,?,?,2,0
279180,?,?,?,?,3,?,5,0
396721,?,?,?,?,?,?,2,0
396721,?,?,?,?,2,?,5,0
911435,?,?,?,?,?,?,2,1
911435,?,?,?,?,3,?,5,1
492116,?,?,?,?,?,?,2,1
492116,?,?,?,7,?,?,6,1
532393,?,?,?,?,?,?,2,0
532393,?,?,?,?,9,?,5,0
1429748,?,?,?,?,?,?,2,0
1429748,?,?,?,6,?,?,6,0
1854320,?,?,?,?,?,?,2,0
1854320,?,?,?,?,5,?,5,0
419465,?,?,?,?,?,?,2,0
419465,?,?,?,7,?,?,6,0
1136862,?,?,?,?,?,?,2,1
1136862,?,?,?,?,7,?,5,1
1749230,?,?,?,?,?,?,2,1
1749230,?,?,?,8,?,?,6,1
?,?,12,?,?,?,?,3,0
385381,?,12,?,?,?,?,2,0
1625176,?,?,?,?,?,?,2,1
1625176,?,?,?,?,9,?,5,1
1371975,?,?,?,?,?,?,2,1
1371975,?,?,?,?,8,?,5,1
529715,?,?,?,?,?,?,2,1
529715,?,?,?,4,?,?,6,1
1804398,?,?,?,?,?,?,2,1
1804398,?,?,?,?,2,?,5,1
606408,?,?,?,?,?,?,2,1
606408,?,?,?,?,6,?,5,1
530465,?,?,?,?,?,?,2,1
530465,?,?,?,?,5,?,5,1
1414806,?,?,?,?,?,?,2,1
1414806,?,?,?,?,3,?,5,1
352599,?,?,?,?,?,?,2,0
352599,?,?,?,?,0,?,5,0
1604130,?,?,?,?,?,?,2,0
1604130,?,?,?,2,?,?,6,0
1502193,?,?,?,?,?,?,2,1
1502193,?,?,?,6,?,?,6,1
1310857,?,?,?,?,?,?,2,0
1310857,?,?,?,?,0,?,5,0
5105,?,?,?,?,?,?,2,0
5105,?,?,?,4,?,?,6,0
480306,?,?,?,?,?,?,2,1
480306,?,?,?,5,?,?,6,1
122018,?,?,?,?,?,?,2,0
122018,?,?,?,?,5,?,5,0
389451,?,?,?,?,?,?,2,0
389451,?,?,?,?,6,?,5,0
1666879,?,?,?,?,?,?,2,0
1666879,?,?,?,4,?,?,6,0
1359471,?,?,?,?,?,?,2,0
1359471,?,?,?,0,?,?,6,0
?,?,17,?,?,?,?,3,0
1597396,?,17,?,?,?,?,2,0
1013077,?,?,?,?,?,?,2,0
1013077,?,?,?,?,8,?,5,0
418565,?,?,?,?,?,?,2,0
418565,?,?,?,1,?,?,6,0
567424,?,?,?,?,?,?,2,0
567424,?,?,?,1,?,?,6,0
1679904,?,?,?,?,?,?,2,0
1679904,?,?,?,2,?,?,6,0
716373,?,?,?,?,?,?,2,1
716373,?,?,?,?,9,?,5,1
215451,?,?,?,?,?,?,2,1
215451,?,?,?,?,9,?,5,1
35069,?,?,?,?,?,?,2,0
35069,?,?,?,?,0,?,5,0
1382108,?,?,?,?,?,?,2,1
1382108,?,?,?,?,0,?,5,1
1827403,?,?,?,?,?,?,2,0
1827403,?,?,?,?,8,?,5,0
1932358,?,?,?,?,?,?,2,0
1932358,?,?,?,?,9,?,5,0
670099,?,?,?,?,?,?,2,1
670099,?,?,?,8,?,?,6,1
715361,?,?,?,?,?,?,2,1
715361,?,?,?,1,?,?,6,1
?,?,?,35,?,?,?,4,0
?,2216857,?,35,?,?,?,1,0
130282,?,?,?,?,?,?,2,0
130282,?,?,?,?,9,?,5,0
1529316,?,?,?,?,?,?,2,1
1529316,?,?,?,?,3,?,5,1
1012714,?,?,?,?,?,?,2,1
1012714,?,?,?,?,2,?,5,1
13950,?,?,?,?,?,?,2,1
13950,?,?,?,9,?,?,6,1
1386978,?,?,?,?,?,?,2,1
1386978,?,?,?,3,?,?,6,1
84858,?,?,?,?,?,?,2,1
84858,?,?,?,3,?,?,6,1
1354897,?,?,?,?,?,?,2,0
1354897,?,?,?,3,?,?,6,0
955323,?,?,?,?,?,?,2,0
955323,?,?,?,3,?,?,6,0
739595,?,?,?,?,?,?,2,0
739595,?,?,?,?,6,?,5,0
1470383,?,?,?,?,?,?,2,0
1470383,?,?,?,?,5,?,5,0
505816,?,?,?,?,?,?,2,1
505816,?,?,?,1,?,?,6,1
1732721,?,?,?,?,?,?,2,1
1732721,?,?,?,?,2,?,5,1
1749395,?,?,?,?,?,?,2,1
1749395,?,?,?,?,1,?,5,1
?,?,?,26,?,?,?,4,1
?,1887851,?,26,?,?,?,1,1
?,?,19,?,?,?,?,3,0
1383547,?,19,?,?,?,?,2,0
531325,?,?,?,?,?,?,2,1
531325,?,?,?,7,?,?,6,1
539174,?,?,?,?,?,?,2,0
539174,?,?,?,?,3,?,5,0
4919,?,?,?,?,?,?,2,0
4919,?,?,?,3,?,?,6,0
548382,?,?,?,?,?,?,2,1
548382,?,?,?,?,5,?,5,1
338100,?,?,?,?,?,?,2,0
338100,?,?,?,8,?,?,6,0
954572,?,?,?,?,?,?,2,0
954572,?,?,?,9,?,?,6,0
?,1755020,?,?,?,?,?,1,1
?,2090789,?,?,?,?,?,1,1
?,1755020,?,?,?,?,8,7,1
344433,?,?,?,?,?,?,2,1
344433,?,?,?,?,7,?,5,1
1141472,?,?,?,?,?,?,2,1
1141472,?,?,?,1,?,?,6,1
1641528,?,?,?,?,?,?,2,0
1641528,?,?,?,?,4,?,5,0
704567,?,?,?,?,?,?,2,0
704567,?,?,?,4,?,?,6,0
205431,?,?,?,?,?,?,2,1
205431,?,?,?,?,5,?,5,1
1391703,?,?,?,?,?,?,2,0
1391703,?,?,?,4,?,?,6,0
1793794,?,?,?,?,?,?,2,1
1793794,?,?,?,?,7,?,5,1
1885609,?,?,?,?,?,?,2,1
1885609,?,?,?,3,?,?,6,1
626578,?,?,?,?,?,?,2,0
626578,?,?,?,?,9,?,5,0
1742642,?,?,?,?,?,?,2,0
1742642,?,?,?,0,?,?,6,0
41733,?,?,?,?,?,?,2,1
41733,?,?,?,6,?,?,6,1
1516156,?,?,?,?,?,?,2,0
1516156,?,?,?,8,?,?,6,0
1244001,?,?,?,?,?,?,2,1
1244001,?,?,?,8,?,?,6,1
1915210,?,?,?,?,?,?,2,1
1915210,?,?,?,?,2,?,5,1
1759903,?,?,?,?,?,?,2,0
1759903,?,?,?,9,?,?,6,0
605933,?,?,?,?,?,?,2,0
605933,?,?,?,?,6,?,5,0
1283300,?,?,?,?,?,?,2,1
1283300,?,?,?,?,2,?,5,1
912350,?,?,?,?,?,?,2,1
912350,?,?,?,?,7,?,5,1
751268,?,?,?,?,?,?,2,0
751268,?,?,?,?,9,?,5,0
889574,?,?,?,?,?,?,2,0
889574,?,?,?,?,0,?,5,0
?,3700490,?,?,?,?,?,1,1
?,627887,?,?,?,?,?,1,1
?,3700490,?,?,?,?,4,7,1
1003878,?,?,?,?,?,?,2,0
1003878,?,?,?,0,?,?,6,0
83697,?,?,?,?,?,?,2,1
83697,?,?,?,1,?,?,6,1
1082222,?,?,?,?,?,?,2,1
1082222,?,?,?,5,?,?,6,1
1888063,?,?,?,?,?,?,2,0
1888063,?,?,?,?,2,?,5,0
1258106,?,?,?,?,?,?,2,1
1258106,?,?,?,?,8,?,5,1
664089,?,?,?,?,?,?,2,1
664089,?,?,?,?,8,?,5,1
584931,?,?,?,?,?,?,2,1
584931,?,?,?,6,?,?,6,1
1820206,?,?,?,?,?,?,2,0
1820206,?,?,?,?,2,?,5,0
1406641,?,?,?,?,?,?,2,1
1406641,?,?,?,0,?,?,6,1
?,2151241,?,?,?,?,?,1,0
?,5482922,?,?,?,?,?,1,0
?,2151241,?,?,?,?,0,7,0
1928493,?,?,?,?,?,?,2,1
1928493,?,?,?,5,?,?,6,1
?,4753735,?,?,?,?,?,1,1
?,5716857,?,?,?,?,?,1,1
?,4753735,?,?,?,?,9,7,1
566421,?,?,?,?,?,?,2,1
566421,?,?,?,1,?,?,6,1
?,?,8,?,?,?,?,3,0
75908,?,8,?,?,?,?,2,0
443132,?,?,?,?,?,?,2,1
443132,?,?,?,?,0,?,5,1
18568,?,?,?,?,?,?,2,0
18568,?,?,?,4,?,?,6,0
808867,?,?,?,?,?,?,2,0
808867,?,?,?,?,7,?,5,0
1337659,?,?,?,?,?,?,2,0
1337659,?,?,?,?,7,?,5,0
921607,?,?,?,?,?,?,2,0
921607,?,?,?,?,5,?,5,0
144621,?,?,?,?,?,?,2,0
144621,?,?,?,9,?,?,6,0
1720607,?,?,?,?,?,?,2,0
1720607,?,?,?,?,5,?,5,0
1125727,?,?,?,?,?,?,2,1
1125727,?,?,?,?,5,?,5,1
1020649,?,?,?,?,?,?,2,0
1020649,?,?,?,?,4,?,5,0
?,5129411,?,?,?,?,?,1,0
?,2028204,?,?,?,?,?,1,0
?,5129411,?,?,?,?,3,7,0
996681,?,?,?,?,?,?,2,0
996681,?,?,?,9,?,?,6,0
187809,?,?,?,?,?,?,2,0
187809,?,?,?,4,?,?,6,0
?,?,3,?,?,?,?,3,1
585883,?,3,?,?,?,?,2,1
183501,?,?,?,?,?,?,2,1
183501,?,?,?,8,?,?,6,1
1517759,?,17,?,?,?,?,2,0
1109126,?,?,?,?,?,?,2,0
1109126,?,?,?,?,9,?,5,0
475537,?,?,?,?,?,?,2,1
475537,?,?,?,3,?,?,6,1
1875060,?,?,?,?,?,?,2,0
1875060,?,?,?,?,1,?,5,0
379928,?,?,?,?,?,?,2,0
379928,?,?,?,?,4,?,5,0
423978,?,?,?,?,?,?,2,0
423978,?,?,?,2,?,?,6,0
417126,?,?,?,?,?,?,2,1
417126,?,?,?,9,?,?,6,1
131832,?,?,?,?,?,?,2,1
131832,?,?,?,?,7,?,5,1
1333945,?,?,?,?,?,?,2,0
1333945,?,?,?,?,9,?,5,0
327024,?,?,?,?,?,?,2,0
327024,?,?,?,2,?,?,6,0
121561,?,?,?,?,?,?,2,0
121561,?,?,?,3,?,?,6,0
1615567,?,?,?,?,?,?,2,0
1615567,?,?,?,3,?,?,6,0
82025,?,?,?,?,?,?,2,1
82025,?,?,?,3,?,?,6,1
1464615,?,?,?,?,?,?,2,1
1464615,?,?,?,?,1,?,5,1
912383,?,?,?,?,?,?,2,1
912383,?,?,?,5,?,?,6,1
?,?,?,56,?,?,?,4,1
?,3403439,?,56,?,?,?,1,1
1526316,?,?,?,?,?,?,2,0
1526316,?,?,?,9,?,?,6,0
823668,?,?,?,?,?,?,2,1
823668,?,?,?,?,4,?,5,1
40251,?,?,?,?,?,?,2,0
40251,?,?,?,?,7,?,5,0
448626,?,19,?,?,?,?,2,0
1310205,?,?,?,?,?,?,2,1
1310205,?,?,?,5,?,?,6,1
150607,?,?,?,?,?,?,2,1
150607,?,?,?,?,6,?,5,1
341298,?,?,?,?,?,?,2,0
341298,?,?,?,?,1,?,5,0
724759,?,?,?,?,?,?,2,0
724759,?,?,?,7,?,?,6,0
748974,?,?,?,?,?,?,2,0
748974,?,?,?,?,1,?,5,0
?,404085,?,?,?,?,?,1,1
?,5571820,?,?,?,?,?,1,1
?,404085,?,?,?,?,0,7,1
1848859,?,?,?,?,?,?,2,1
1848859,?,?,?,?,3,?,5,1
?,?,?,1,?,?,?,4,0
?,499531,?,1,?,?,?,1,0
?,294154,?,?,?,?,?,1,1
?,2682990,?,?,?,?,?,1,1
?,294154,?,?,?,?,0,7,1
?,?,7,?,?,?,?,3,1
1739231,?,7,?,?,?,?,2,1
1527688,?,?,?,?,?,?,2,1
1527688,?,?,?,?,0,?,5,1
1638517,?,?,?,?,?,?,2,1
1638517,?,?,?,?,8,?,5,1
1238329,?,?,?,?,?,?,2,1
1238329,?,?,?,5,?,?,6,1
363544,?,?,?,?,?,?,2,1
363544,?,?,?,0,?,?,6,1
1007487,?,?,?,?,?,?,2,0
1007487,?,?,?,3,?,?,6,0
969264,?,?,?,?,?,?,2,0
969264,?,?,?,?,3,?,5,0
?,?,?,42,?,?,?,4,0
?,302329,?,42,?,?,?,1,0
608249,?,?,?,?,?,?,2,0
608249,?,?,?,?,6,?,5,0
367095,?,?,?,?,?,?,2,1
367095,?,?,?,7,?,?,6,1
?,?,10,?,?,?,?,3,0
711529,?,10,?,?,?,?,2,0
943961,?,?,?,?,?,?,2,1
943961,?,?,?,?,5,?,5,1
1171708,?,?,?,?,?,?,2,0
1171708,?,?,?,?,9,?,5,0
310958,?,?,?,?,?,?,2,0
310958,?,?,?,9,?,?,6,0
360450,?,?,?,?,?,?,2,0
360450,?,?,?,0,?,?,6,0
1270533,?,?,?,?,?,?,2,0
1270533,?,?,?,?,7,?,5,0
912930,?,?,?,?,?,?,2,1
912930,?,?,?,?,8,?,5,1
1699168,?,?,?,?,?,?,2,1
1699168,?,?,?,?,9,?,5,1
566036,?,?,?,?,?,?,2,1
566036,?,?,?,?,1,?,5,1
408511,?,?,?,?,?,?,2,0
408511,?,?,?,7,?,?,6,0
214852,?,?,?,?,?,?,2,0
214852,?,?,?,2,?,?,6,0
230140,?,?,?,?,?,?,2,1
230140,?,?,?,8,?,?,6,1
1233671,?,?,?,?,?,?,2,0
1233671,?,?,?,0,?,?,6,0
807243,?,?,?,?,?,?,2,0
807243,?,?,?,?,8,?,5,0
1288096,?,?,?,?,?,?,2,0
1288096,?,?,?,9,?,?,6,0
1397903,?,?,?,?,?,?,2,0
1397903,?,?,?,7,?,?,6,0
37802,?,?,?,?,?,?,2,1
37802,?,?,?,3,?,?,6,1
1403605,?,?,?,?,?,?,2,1
1403605,?,?,?,?,3,?,5,1
133112,?,?,?,?,?,?,2,0
133112,?,?,?,4,?,?,6,0
83582,?,?,?,?,?,?,2,0
83582,?,?,?,?,8,?,5,0
?,?,?,27,?,?,?,4,1
?,4222224,?,27,?,?,?,1,1
238906,?,?,?,?,?,?,2,0
238906,?,?,?,?,8,?,5,0
1728011,?,?,?,?,?,?,2,0
1728011,?,?,?,4,?,?,6,0
?,?,?,33,?,?,?,4,0
?,1225459,?,33,?,?,?,1,0
28960,?,?,?,?,?,?,2,0
28960,?,?,?,?,2,?,5,0
585248,?,?,?,?,?,?,2,1
585248,?,?,?,?,0,?,5,1
1561924,?,?,?,?,?,?,2,0
1561924,?,?,?,4,?,?,6,0
1189662,?,?,?,?,?,?,2,0
1189662,?,?,?,?,4,?,5,0
1521075,?,?,?,?,?,?,2,0
1521075,?,?,?,5,?,?,6,0
1327287,?,?,?,?,?,?,2,0
1327287,?,?,?,?,3,?,5,0
1626557,?,?,?,?,?,?,2,0
1626557,?,?,?,0,?,?,6,0
714735,?,?,?,?,?,?,2,0
714735,?,?,?,4,?,?,6,0
42951,?,?,?,?,?,?,2,0
42951,?,?,?,4,?,?,6,0
?,?,9,?,?,?,?,3,0
509180,?,9,?,?,?,?,2,0
321784,?,?,?,?,?,?,2,1
321784,?,?,?,?,7,?,5,1
1182119,?,?,?,?,?,?,2,1
1182119,?,?,?,7,?,?,6,1
1148374,?,?,?,?,?,?,2,0
1148374,?,?,?,?,6,?,5,0
1009500,?,?,?,?,?,?,2,1
1009500,?,?,?,?,8,?,5,1
1509675,?,?,?,?,?,?,2,1
1509675,?,?,?,?,1,?,5,1
361140,?,?,?,?,?,?,2,0
361140,?,?,?,?,9,?,5,0
1006669,?,?,?,?,?,?,2,0
1006669,?,?,?,?,5,?,5,0
?,4508082,?,?,?,?,?,1,0
?,5093633,?,?,?,?,?,1,0
?,4508082,?,?,?,?,0,7,0
729054,?,?,?,?,?,?,2,1
729054,?,?,?,5,?,?,6,1
1006775,?,?,?,?,?,?,2,1
1006775,?,?,?,?,6,?,5,1
536957,?,?,?,?,?,?,2,1
536957,?,?,?,?,6,?,5,1
1991811,?,?,?,?,?,?,2,1
1991811,?,?,?,?,3,?,5,1
1960971,?,?,?,?,?,?,2,1
1960971,?,?,?,8,?,?,6,1
377219,?,?,?,?,?,?,2,0
377219,?,?,?,8,?,?,6,0
271409,?,?,?,?,?,?,2,0
271409,?,?,?,2,?,?,6,0
1969743,?,?,?,?,?,?,2,1
1969743,?,?,?,?,4,?,5,1
60019,?,?,?,?,?,?,2,1
60019,?,?,?,1,?,?,6,1
356318,?,?,?,?,?,?,2,0
356318,?,?,?,6,?,?,6,0
3213,?,?,?,?,?,?,2,0
3213,?,?,?,?,7,?,5,0
704031,?,?,?,?,?,?,2,0
704031,?,?,?,?,9,?,5,0
236161,?,?,?,?,?,?,2,0
236161,?,?,?,?,8,?,5,0
1569191,?,?,?,?,?,?,2,0
1569191,?,?,?,2,?,?,6,0
?,?,?,34,?,?,?,4,0
?,703266,?,34,?,?,?,1,0
324731,?,?,?,?,?,?,2,1
324731,?,?,?,?,1,?,5,1
1534256,?,?,?,?,?,?,2,1
1534256,?,?,?,9,?,?,6,1
1679236,?,?,?,?,?,?,2,1
1679236,?,?,?,3,?,?,6,1
?,?,?,57,?,?,?,4,0
?,2731947,?,57,?,?,?,1,0
1393540,?,?,?,?,?,?,2,0
1393540,?,?,?,?,7,?,5,0
1743233,?,?,?,?,?,?,2,0
1743233,?,?,?,?,7,?,5,0
1363527,?,?,?,?,?,?,2,1
1363527,?,?,?,?,9,?,5,1
?,?,?,4,?,?,?,4,1
?,2482083,?,4,?,?,?,1,1
1163679,?,?,?,?,?,?,2,1
1163679,?,?,?,?,4,?,5,1
?,?,?,59,?,?,?,4,0
?,523645,?,59,?,?,?,1,0
1810627,?,?,?,?,?,?,2,0
1810627,?,?,?,?,6,?,5,0
1882500,?,?,?,?,?,?,2,0
1882500,?,?,?,?,5,?,5,0
731393,?,?,?,?,?,?,2,0
731393,?,?,?,?,4,?,5,0
1149368,?,?,?,?,?,?,2,1
1149368,?,?,?,?,8,?,5,1
433762,?,?,?,?,?,?,2,1
433762,?,?,?,6,?,?,6,1
1764538,?,?,?,?,?,?,2,0
1764538,?,?,?,?,6,?,5,0
276261,?,?,?,?,?,?,2,0
276261,?,?,?,?,0,?,5,0
152142,?,?,?,?,?,?,2,1
152142,?,?,?,0,?,?,6,1
1723514,?,?,?,?,?,?,2,1
1723514,?,?,?,6,?,?,6,1
1147080,?,?,?,?,?,?,2,1
1147080,?,?,?,?,9,?,5,1
86099,?,?,?,?,?,?,2,0
86099,?,?,?,?,4,?,5,0
207404,?,?,?,?,?,?,2,1
207404,?,?,?,9,?,?,6,1
1101743,?,?,?,?,?,?,2,1
1101743,?,?,?,1,?,?,6,1
1158285,?,?,?,?,?,?,2,0
1158285,?,?,?,?,1,?,5,0
1091591,?,?,?,?,?,?,2,1
1091591,?,?,?,?,9,?,5,1
468808,?,?,?,?,?,?,2,0
468808,?,?,?,4,?,?,6,0
432727,?,?,?,?,?,?,2,0
432727,?,?,?,?,7,?,5,0
1739682,?,?,?,?,?,?,2,0
1739682,?,?,?,7,?,?,6,0
1073919,?,?,?,?,?,?,2,0
1073919,?,?,?,?,9,?,5,0
578050,?,?,?,?,?,?,2,1
578050,?,?,?,1,?,?,6,1
955326,?,?,?,?,?,?,2,1
955326,?,?,?,0,?,?,6,1
141744,?,?,?,?,?,?,2,1
141744,?,?,?,?,4,?,5,1
643931,?,?,?,?,?,?,2,0
643931,?,?,?,8,?,?,6,0
1513211,?,?,?,?,?,?,2,0
1513211,?,?,?,8,?,?,6,0
1649567,?,?,?,?,?,?,2,0
1649567,?,?,?,3,?,?,6,0
1765408,?,?,?,?,?,?,2,1
1765408,?,?,?,5,?,?,6,1
776254,?,?,?,?,?,?,2,0
776254,?,?,?,?,4,?,5,0
998102,?,?,?,?,?,?,2,0
998102,?,?,?,2,?,?,6,0
1410174,?,?,?,?,?,?,2,0
1410174,?,?,?,?,1,?,5,0
399846,?,?,?,?,?,?,2,1
399846,?,?,?,9,?,?,6,1
1343463,?,8,?,?,?,?,2,0
502804,?,?,?,?,?,?,2,1
502804,?,?,?,5,?,?,6,1
1136500,?,12,?,?,?,?,2,0
518001,?,?,?,?,?,?,2,1
518001,?,?,?,0,?,?,6,1
1399913,?,?,?,?,?,?,2,1
1399913,?,?,?,?,9,?,5,1
1489005,?,?,?,?,?,?,2,1
1489005,?,?,?,5,?,?,6,1
1155235,?,?,?,?,?,?,2,0
1155235,?,?,?,9,?,?,6,0
1324642,?,?,?,?,?,?,2,0
1324642,?,?,?,?,2,?,5,0
66076,?,?,?,?,?,?,2,0
66076,?,?,?,?,0,?,5,0
281025,?,?,?,?,?,?,2,0
281025,?,?,?,?,1,?,5,0
569857,?,?,?,?,?,?,2,0
569857,?,?,?,4,?,?,6,0
433900,?,8,?,?,?,?,2,0
1293884,?,?,?,?,?,?,2,1
1293884,?,?,?,?,6,?,5,1
747096,?,?,?,?,?,?,2,0
747096,?,?,?,9,?,?,6,0
949011,?,?,?,?,?,?,2,1
949011,?,?,?,1,?,?,6,1
57732,?,?,?,?,?,?,2,1
57732,?,?,?,9,?,?,6,1
1081498,?,?,?,?,?,?,2,1
1081498,?,?,?,3,?,?,6,1
1948104,?,?,?,?,?,?,2,1
1948104,?,?,?,?,0,?,5,1
456973,?,?,?,?,?,?,2,1
456973,?,?,?,7,?,?,6,1
627592,?,?,?,?,?,?,2,1
627592,?,?,?,?,9,?,5,1
8864,?,?,?,?,?,?,2,0
8864,?,?,?,7,?,?,6,0
1385549,?,?,?,?,?,?,2,0
1385549,?,?,?,?,1,?,5,0
272302,?,?,?,?,?,?,2,1
272302,?,?,?,?,2,?,5,1
11260,?,?,?,?,?,?,2,1
11260,?,?,?,?,6,?,5,1
1962421,?,?,?,?,?,?,2,1
1962421,?,?,?,3,?,?,6,1
776391,?,?,?,?,?,?,2,0
776391,?,?,?,8,?,?,6,0
211503,?,?,?,?,?,?,2,0
211503,?,?,?,9,?,?,6,0
1713170,?,?,?,?,?,?,2,0
1713170,?,?,?,4,?,?,6,0
?,?,?,39,?,?,?,4,0
?,836684,?,39,?,?,?,1,0
29742,?,?,?,?,?,?,2,0
29742,?,?,?,5,?,?,6,0
1180098,?,?,?,?,?,?,2,0
1180098,?,?,?,?,7,?,5,0
1909590,?,?,?,?,?,?,2,1
1909590,?,?,?,?,5,?,5,1
519125,?,?,?,?,?,?,2,1
519125,?,?,?,7,?,?,6,1
334640,?,?,?,?,?,?,2,0
334640,?,?,?,8,?,?,6,0
1270036,?,?,?,?,?,?,2,0
1270036,?,?,?,7,?,?,6,0
596166,?,?,?,?,?,?,2,0
596166,?,?,?,?,0,?,5,0
1657110,?,?,?,?,?,?,2,0
1657110,?,?,?,?,5,?,5,0
?,411004,?,8,?,?,?,1,0
205989,?,?,?,?,?,?,2,1
205989,?,?,?,?,5,?,5,1
441302,?,?,?,?,?,?,2,0
441302,?,?,?,1,?,?,6,0
1971961,?,?,?,?,?,?,2,0
1971961,?,?,?,?,4,?,5,0
1086451,?,?,?,?,?,?,2,1
1086451,?,?,?,9,?,?,6,1
333932,?,?,?,?,?,?,2,1
333932,?,?,?,5,?,?,6,1
826511,?,?,?,?,?,?,2,0
826511,?,?,?,?,7,?,5,0
?,3094773,?,?,?,?,?,1,0
?,1368334,?,?,?,?,?,1,0
?,3094773,?,?,?,?,4,7,0
925153,?,?,?,?,?,?,2,0
925153,?,?,?,5,?,?,6,0
421750,?,17,?,?,?,?,2,0
1552038,?,?,?,?,?,?,2,0
1552038,?,?,?,?,3,?,5,0
?,5939062,?,?,?,?,?,1,0
?,2459456,?,?,?,?,?,1,0
?,5939062,?,?,?,?,5,7,0
?,?,2,?,?,?,?,3,1
647851,?,2,?,?,?,?,2,1
176407,?,?,?,?,?,?,2,1
176407,?,?,?,2,?,?,6,1
1689221,?,?,?,?,?,?,2,1
1689221,?,?,?,0,?,?,6,1
1829841,?,?,?,?,?,?,2,1
1829841,?,?,?,2,?,?,6,1
831211,?,?,?,?,?,?,2,1
831211,?,?,?,4,?,?,6,1
237756,?,?,?,?,?,?,2,1
237756,?,?,?,9,?,?,6,1
335862,?,?,?,?,?,?,2,1
335862,?,?,?,?,3,?,5,1
54392,?,?,?,?,?,?,2,0
54392,?,?,?,?,3,?,5,0
305064,?,?,?,?,?,?,2,0
305064,?,?,?,4,?,?,6,0
?,?,15,?,?,?,?,3,1
1643597,?,15,?,?,?,?,2,1
794529,?,?,?,?,?,?,2,1
794529,?,?,?,?,7,?,5,1
623181,?,?,?,?,?,?,2,1
623181,?,?,?,?,3,?,5,1
1169802,?,?,?,?,?,?,2,1
1169802,?,?,?,?,4,?,5,1
845107,?,?,?,?,?,?,2,0
845107,?,?,?,?,1,?,5,0
931161,?,?,?,?,?,?,2,1
931161,?,?,?,?,8,?,5,1
1038038,?,?,?,?,?,?,2,0
1038038,?,?,?,?,3,?,5,0
1520661,?,?,?,?,?,?,2,1
1520661,?,?,?,?,1,?,5,1
242594,?,?,?,?,?,?,2,1
242594,?,?,?,7,?,?,6,1
24241,?,?,?,?,?,?,2,0
24241,?,?,?,6,?,?,6,0
826770,?,?,?,?,?,?,2,1
826770,?,?,?,?,0,?,5,1
1208077,?,?,?,?,?,?,2,0
1208077,?,?,?,?,1,?,5,0
1664471,?,?,?,?,?,?,2,0
1664471,?,?,?,?,6,?,5,0
1663029,?,?,?,?,?,?,2,0
1663029,?,?,?,9,?,?,6,0
35691,?,?,?,?,?,?,2,0
35691,?,?,?,7,?,?,6,0
490474,?,8,?,?,?,?,2,0
?,1051707,?,?,?,?,?,1,1
?,5522485,?,?,?,?,?,1,1
?,1051707,?,?,?,?,3,7,1
168155,?,?,?,?,?,?,2,1
168155,?,?,?,?,2,?,5,1
1989321,?,?,?,?,?,?,2,1
1989321,?,?,?,?,6,?,5,1
481622,?,?,?,?,?,?,2,0
481622,?,?,?,5,?,?,6,0
1304874,?,?,?,?,?,?,2,0
1304874,?,?,?,7,?,?,6,0
1292161,?,?,?,?,?,?,2,0
1292161,?,?,?,4,?,?,6,0
635905,?,?,?,?,?,?,2,0
635905,?,?,?,8,?,?,6,0
?,144569,?,?,?,?,?,1,0
?,1503164,?,?,?,?,?,1,0
?,144569,?,?,?,?,2,7,0
1460713,?,?,?,?,?,?,2,1
1460713,?,?,?,4,?,?,6,1
1441696,?,?,?,?,?,?,2,0
1441696,?,?,?,7,?,?,6,0
907382,?,?,?,?,?,?,2,1
907382,?,?,?,?,9,?,5,1
1283508,?,?,?,?,?,?,2,1
1283508,?,?,?,4,?,?,6,1
?,?,?,13,?,?,?,4,1
?,5719867,?,13,?,?,?,1,1
601940,?,?,?,?,?,?,2,1
601940,?,?,?,6,?,?,6,1
668013,?,?,?,?,?,?,2,0
668013,?,?,?,?,8,?,5,0
?,?,11,?,?,?,?,3,0
914413,?,11,?,?,?,?,2,0
885509,?,?,?,?,?,?,2,0
885509,?,?,?,9,?,?,6,0
676237,?,?,?,?,?,?,2,0
676237,?,?,?,3,?,?,6,0
?,?,5,?,?,?,?,3,1
765147,?,5,?,?,?,?,2,1
?,?,?,52,?,?,?,4,1
?,5135785,?,52,?,?,?,1,1
1602363,?,?,?,?,?,?,2,0
1602363,?,?,?,?,9,?,5,0
1053918,?,?,?,?,?,?,2,0
1053918,?,?,?,?,9,?,5,0
1858559,?,?,?,?,?,?,2,1
1858559,?,?,?,?,4,?,5,1
616864,?,?,?,?,?,?,2,1
616864,?,?,?,1,?,?,6,1
23064,?,2,?,?,?,?,2,1
1983097,?,?,?,?,?,?,2,1
1983097,?,?,?,8,?,?,6,1
1593322,?,?,?,?,?,?,2,1
1593322,?,?,?,5,?,?,6,1
1542670,?,?,?,?,?,?,2,1
1542670,?,?,?,0,?,?,6,1
1961189,?,?,?,?,?,?,2,0
1961189,?,?,?,5,?,?,6,0
1423893,?,?,?,?,?,?,2,1
1423893,?,?,?,?,3,?,5,1
?,?,?,58,?,?,?,4,1
?,668557,?,58,?,?,?,1,1
431471,?,?,?,?,?,?,2,0
431471,?,?,?,8,?,?,6,0
1734638,?,?,?,?,?,?,2,0
1734638,?,?,?,8,?,?,6,0
1777565,?,?,?,?,?,?,2,1
1777565,?,?,?,?,4,?,5,1
1402700,?,?,?,?,?,?,2,1
1402700,?,?,?,0,?,?,6,1
1777446,?,?,?,?,?,?,2,0
1777446,?,?,?,7,?,?,6,0
1348683,?,?,?,?,?,?,2,0
1348683,?,?,?,3,?,?,6,0
383515,?,?,?,?,?,?,2,1
383515,?,?,?,?,2,?,5,1
1139683,?,?,?,?,?,?,2,1
1139683,?,?,?,?,1,?,5,1
1857150,?,?,?,?,?,?,2,0
1857150,?,?,?,5,?,?,6,0
1947353,?,?,?,?,?,?,2,0
1947353,?,?,?,5,?,?,6,0
661729,?,?,?,?,?,?,2,1
661729,?,?,?,8,?,?,6,1
611371,?,?,?,?,?,?,2,1
611371,?,?,?,?,7,?,5,1
396209,?,?,?,?,?,?,2,1
396209,?,?,?,8,?,?,6,1
31745,?,?,?,?,?,?,2,1
31745,?,?,?,4,?,?,6,1
506144,?,?,?,?,?,?,2,0
506144,?,?,?,?,5,?,5,0
1331073,?,?,?,?,?,?,2,0
1331073,?,?,?,5,?,?,6,0
958301,?,?,?,?,?,?,2,0
958301,?,?,?,?,5,?,5,0
1170753,?,?,?,?,?,?,2,0
1170753,?,?,?,9,?,?,6,0
490091,?,?,?,?,?,?,2,0
490091,?,?,?,9,?,?,6,0
527670,?,?,?,?,?,?,2,0
527670,?,?,?,?,7,?,5,0
30999,?,?,?,?,?,?,2,0
30999,?,?,?,3,?,?,6,0
1129021,?,?,?,?,?,?,2,1
1129021,?,?,?,?,2,?,5,1
888636,?,?,?,?,?,?,2,1
888636,?,?,?,?,0,?,5,1
539841,?,?,?,?,?,?,2,0
539841,?,?,?,?,8,?,5,0
547702,?,?,?,?,?,?,2,0
547702,?,?,?,0,?,?,6,0
415469,?,?,?,?,?,?,2,0
415469,?,?,?,5,?,?,6,0
1492143,?,?,?,?,?,?,2,1
1492143,?,?,?,4,?,?,6,1
795032,?,?,?,?,?,?,2,1
795032,?,?,?,1,?,?,6,1
1684691,?,?,?,?,?,?,2,0
1684691,?,?,?,?,7,?,5,0
1441371,?,?,?,?,?,?,2,1
1441371,?,?,?,?,7,?,5,1
?,5507164,?,?,?,?,?,1,0
?,1987155,?,?,?,?,?,1,0
?,5507164,?,?,?,?,1,7,0
541613,?,?,?,?,?,?,2,0
541613,?,?,?,?,0,?,5,0
1711554,?,?,?,?,?,?,2,0
1711554,?,?,?,?,0,?,5,0
999774,?,?,?,?,?,?,2,0
999774,?,?,?,4,?,?,6,0
793925,?,?,?,?,?,?,2,0
793925,?,?,?,6,?,?,6,0
1153270,?,?,?,?,?,?,2,0
1153270,?,?,?,3,?,?,6,0
1265690,?,?,?,?,?,?,2,1
1265690,?,?,?,6,?,?,6,1
1945248,?,?,?,?,?,?,2,1
1945248,?,?,?,1,?,?,6,1
1086802,?,?,?,?,?,?,2,0
1086802,?,?,?,2,?,?,6,0
?,?,?,15,?,?,?,4,0
?,3568518,?,15,?,?,?,1,0
51940,?,?,?,?,?,?,2,0
51940,?,?,?,?,0,?,5,0
1466541,?,?,?,?,?,?,2,1
1466541,?,?,?,?,9,?,5,1
146530,?,?,?,?,?,?,2,0
146530,?,?,?,?,5,?,5,0
?,5342028,?,?,?,?,?,1,0
?,3564706,?,?,?,?,?,1,0
?,5342028,?,?,?,?,0,7,0
65015,?,?,?,?,?,?,2,0
65015,?,?,?,2,?,?,6,0
1738180,?,?,?,?,?,?,2,0
1738180,?,?,?,2,?,?,6,0
599003,?,?,?,?,?,?,2,0
599003,?,?,?,9,?,?,6,0
1856474,?,?,?,?,?,?,2,1
1856474,?,?,?,1,?,?,6,1
752351,?,?,?,?,?,?,2,0
752351,?,?,?,?,5,?,5,0
?,?,?,18,?,?,?,4,1
?,3026064,?,18,?,?,?,1,1
697975,?,?,?,?,?,?,2,0
697975,?,?,?,8,?,?,6,0
1378031,?,?,?,?,?,?,2,0
1378031,?,?,?,0,?,?,6,0
1626564,?,?,?,?,?,?,2,1
1626564,?,?,?,1,?,?,6,1
738910,?,?,?,?,?,?,2,0
738910,?,?,?,?,8,?,5,0
1999700,?,?,?,?,?,?,2,1
1999700,?,?,?,4,?,?,6,1
?,2783112,?,?,?,?,?,1,1
?,5481536,?,?,?,?,?,1,1
?,2783112,?,?,?,?,7,7,1
1292432,?,?,?,?,?,?,2,1
1292432,?,?,?,4,?,?,6,1
?,4932456,?,58,?,?,?,1,1
411890,?,?,?,?,?,?,2,0
411890,?,?,?,5,?,?,6,0
1961824,?,?,?,?,?,?,2,0
1961824,?,?,?,2,?,?,6,0
1388555,?,?,?,?,?,?,2,0
1388555,?,?,?,?,0,?,5,0
518177,?,?,?,?,?,?,2,1
518177,?,?,?,1,?,?,6,1
1837854,?,?,?,?,?,?,2,1
1837854,?,?,?,2,?,?,6,1
1395475,?,?,?,?,?,?,2,1
1395475,?,?,?,?,1,?,5,1
955010,?,?,?,?,?,?,2,0
955010,?,?,?,7,?,?,6,0
612655,?,?,?,?,?,?,2,0
612655,?,?,?,5,?,?,6,0
1244770,?,?,?,?,?,?,2,1
1244770,?,?,?,?,7,?,5,1
1374290,?,?,?,?,?,?,2,1
1374290,?,?,?,3,?,?,6,1
1434524,?,?,?,?,?,?,2,1
1434524,?,?,?,0,?,?,6,1
?,5429664,?,?,?,?,?,1,1
?,5934161,?,?,?,?,?,1,1
?,5429664,?,?,?,?,9,7,1
1803629,?,?,?,?,?,?,2,0
1803629,?,?,?,0,?,?,6,0
143359,?,?,?,?,?,?,2,1
143359,?,?,?,0,?,?,6,1
1567332,?,?,?,?,?,?,2,1
1567332,?,?,?,7,?,?,6,1
?,?,4,?,?,?,?,3,0
1024687,?,4,?,?,?,?,2,0
1515721,?,?,?,?,?,?,2,1
1515721,?,?,?,5,?,?,6,1
?,777309,?,?,?,?,?,1,1
?,344538,?,?,?,?,?,1,1
?,777309,?,?,?,?,5,7,1
1494248,?,?,?,?,?,?,2,1
1494248,?,?,?,2,?,?,6,1
1863364,?,?,?,?,?,?,2,1
1863364,?,?,?,?,7,?,5,1
1497012,?,?,?,?,?,?,2,1
1497012,?,?,?,4,?,?,6,1
377939,?,?,?,?,?,?,2,0
377939,?,?,?,?,3,?,5,0
668363,?,?,?,?,?,?,2,0
668363,?,?,?,8,?,?,6,0
361540,?,?,?,?,?,?,2,1
361540,?,?,?,2,?,?,6,1
601675,?,?,?,?,?,?,2,1
601675,?,?,?,?,9,?,5,1
255743,?,?,?,?,?,?,2,0
255743,?,?,?,0,?,?,6,0
1550669,?,?,?,?,?,?,2,0
1550669,?,?,?,8,?,?,6,0
1277470,?,?,?,?,?,?,2,1
1277470,?,?,?,6,?,?,6,1
358607,?,?,?,?,?,?,2,0
358607,?,?,?,?,3,?,5,0
1319422,?,?,?,?,?,?,2,0
1319422,?,?,?,?,7,?,5,0
1487332,?,?,?,?,?,?,2,0
1487332,?,?,?,?,7,?,5,0
291192,?,?,?,?,?,?,2,0
291192,?,?,?,?,9,?,5,0
1126207,?,?,?,?,?,?,2,0
1126207,?,?,?,?,8,?,5,0
1184253,?,?,?,?,?,?,2,1
1184253,?,?,?,8,?,?,6,1
1940085,?,?,?,?,?,?,2,0
1940085,?,?,?,?,0,?,5,0
1712739,?,?,?,?,?,?,2,1
1712739,?,?,?,?,9,?,5,1
1824440,?,?,?,?,?,?,2,1
1824440,?,?,?,?,8,?,5,1
1383543,?,?,?,?,?,?,2,1
1383543,?,?,?,2,?,?,6,1
517373,?,?,?,?,?,?,2,1
517373,?,?,?,1,?,?,6,1
1755047,?,?,?,?,?,?,2,0
1755047,?,?,?,8,?,?,6,0
1056518,?,?,?,?,?,?,2,0
1056518,?,?,?,?,7,?,5,0
431475,?,?,?,?,?,?,2,0
431475,?,?,?,9,?,?,6,0
814823,?,?,?,?,?,?,2,1
814823,?,?,?,?,3,?,5,1
991066,?,?,?,?,?,?,2,1
991066,?,?,?,4,?,?,6,1
1851512,?,?,?,?,?,?,2,0
1851512,?,?,?,?,0,?,5,0
1873939,?,?,?,?,?,?,2,0
1873939,?,?,?,3,?,?,6,0
1929302,?,?,?,?,?,?,2,0
1929302,?,?,?,?,2,?,5,0
1587758,?,?,?,?,?,?,2,0
1587758,?,?,?,?,2,?,5,0
1850772,?,?,?,?,?,?,2,1
1850772,?,?,?,8,?,?,6,1
1624657,?,?,?,?,?,?,2,1
1624657,?,?,?,?,5,?,5,1
?,?,?,41,?,?,?,4,0
?,4936904,?,41,?,?,?,1,0
1083137,?,?,?,?,?,?,2,1
1083137,?,?,?,?,8,?,5,1
1855879,?,?,?,?,?,?,2,0
1855879,?,?,?,0,?,?,6,0
1351,?,?,?,?,?,?,2,1
1351,?,?,?,7,?,?,6,1
219455,?,?,?,?,?,?,2,1
219455,?,?,?,?,3,?,5,1
1364334,?,?,?,?,?,?,2,1
1364334,?,?,?,?,6,?,5,1
1952149,?,?,?,?,?,?,2,1
1952149,?,?,?,?,1,?,5,1
?,577177,?,?,?,?,?,1,0
?,2590891,?,?,?,?,?,1,0
?,577177,?,?,?,?,3,7,0
783932,?,?,?,?,?,?,2,1
783932,?,?,?,3,?,?,6,1
1038493,?,?,?,?,?,?,2,1
1038493,?,?,?,?,6,?,5,1
185487,?,?,?,?,?,?,2,0
185487,?,?,?,?,7,?,5,0
1981159,?,?,?,?,?,?,2,0
1981159,?,?,?,?,9,?,5,0
1055773,?,8,?,?,?,?,2,0
?,5841776,?,?,?,?,?,1,0
?,5068663,?,?,?,?,?,1,0
?,5841776,?,?,?,?,3,7,0
965020,?,?,?,?,?,?,2,0
965020,?,?,?,?,5,?,5,0
680101,?,?,?,?,?,?,2,0
680101,?,?,?,?,4,?,5,0
1853742,?,?,?,?,?,?,2,0
1853742,?,?,?,?,4,?,5,0
838102,?,?,?,?,?,?,2,1
838102,?,?,?,?,7,?,5,1
126646,?,?,?,?,?,?,2,1
126646,?,?,?,1,?,?,6,1
919624,?,?,?,?,?,?,2,1
919624,?,?,?,3,?,?,6,1
24400,?,?,?,?,?,?,2,1
24400,?,?,?,?,2,?,5,1
1260529,?,?,?,?,?,?,2,0
1260529,?,?,?,8,?,?,6,0
1993643,?,?,?,?,?,?,2,1
1993643,?,?,?,0,?,?,6,1
1594176,?,?,?,?,?,?,2,1
1594176,?,?,?,2,?,?,6,1
1354403,?,?,?,?,?,?,2,0
1354403,?,?,?,?,3,?,5,0
1992504,?,?,?,?,?,?,2,1
1992504,?,?,?,3,?,?,6,1
693955,?,?,?,?,?,?,2,1
693955,?,?,?,1,?,?,6,1
1780025,?,?,?,?,?,?,2,1
1780025,?,?,?,3,?,?,6,1
789283,?,?,?,?,?,?,2,0
789283,?,?,?,?,3,?,5,0
1389315,?,?,?,?,?,?,2,0
1389315,?,?,?,?,5,?,5,0
1788363,?,?,?,?,?,?,2,1
1788363,?,?,?,?,8,?,5,1
1413354,?,?,?,?,?,?,2,1
1413354,?,?,?,0,?,?,6,1
1386310,?,?,?,?,?,?,2,0
1386310,?,?,?,?,1,?,5,0
1072984,?,?,?,?,?,?,2,0
1072984,?,?,?,?,1,?,5,0
1458551,?,?,?,?,?,?,2,0
1458551,?,?,?,1,?,?,6,0
886971,?,?,?,?,?,?,2,1
886971,?,?,?,?,7,?,5,1
182046,?,?,?,?,?,?,2,1
182046,?,?,?,?,5,?,5,1
1913821,?,?,?,?,?,?,2,0
1913821,?,?,?,?,0,?,5,0
456067,?,?,?,?,?,?,2,0
456067,?,?,?,?,8,?,5,0
50985,?,?,?,?,?,?,2,0
50985,?,?,?,?,3,?,5,0
?,?,14,?,?,?,?,3,1
606260,?,14,?,?,?,?,2,1
1546258,?,?,?,?,?,?,2,0
1546258,?,?,?,?,7,?,5,0
1949887,?,?,?,?,?,?,2,0
1949887,?,?,?,?,5,?,5,0
591189,?,?,?,?,?,?,2,0
591189,?,?,?,?,1,?,5,0
729692,?,?,?,?,?,?,2,1
729692,?,?,?,?,1,?,5,1
1850909,?,?,?,?,?,?,2,1
1850909,?,?,?,2,?,?,6,1
?,1199536,?,?,?,?,?,1,0
?,2302478,?,?,?,?,?,1,0
?,1199536,?,?,?,?,1,7,0
1774801,?,?,?,?,?,?,2,1
1774801,?,?,?,1,?,?,6,1
?,634333,?,?,?,?,?,1,0
?,4658152,?,?,?,?,?,1,0
?,634333,?,?,?,?,4,7,0
641101,?,?,?,?,?,?,2,1
641101,?,?,?,?,6,?,5,1
1215242,?,?,?,?,?,?,2,0
1215242,?,?,?,1,?,?,6,0
1551716,?,?,?,?,?,?,2,0
1551716,?,?,?,4,?,?,6,0
176188,?,?,?,?,?,?,2,1
176188,?,?,?,7,?,?,6,1
766289,?,?,?,?,?,?,2,0
766289,?,?,?,0,?,?,6,0
341755,?,?,?,?,?,?,2,1
341755,?,?,?,?,7,?,5,1
875510,?,?,?,?,?,?,2,0
875510,?,?,?,4,?,?,6,0
621666,?,?,?,?,?,?,2,0
621666,?,?,?,?,5,?,5,0
722384,?,?,?,?,?,?,2,1
722384,?,?,?,?,6,?,5,1
1892044,?,?,?,?,?,?,2,0
1892044,?,?,?,0,?,?,6,0
1153929,?,?,?,?,?,?,2,1
1153929,?,?,?,0,?,?,6,1
149613,?,?,?,?,?,?,2,1
149613,?,?,?,?,1,?,5,1
1040037,?,?,?,?,?,?,2,1
1040037,?,?,?,?,9,?,5,1
833180,?,?,?,?,?,?,2,1
833180,?,?,?,8,?,?,6,1
1987019,?,?,?,?,?,?,2,1
1987019,?,?,?,6,?,?,6,1
1984401,?,?,?,?,?,?,2,1
1984401,?,?,?,?,9,?,5,1
871536,?,?,?,?,?,?,2,1
871536,?,?,?,9,?,?,6,1
1293311,?,?,?,?,?,?,2,0
1293311,?,?,?,?,2,?,5,0
210752,?,?,?,?,?,?,2,0
210752,?,?,?,6,?,?,6,0
1313892,?,?,?,?,?,?,2,0
1313892,?,?,?,4,?,?,6,0
191552,?,?,?,?,?,?,2,0
191552,?,?,?,?,9,?,5,0
205675,?,?,?,?,?,?,2,1
205675,?,?,?,?,9,?,5,1
1637448,?,?,?,?,?,?,2,1
1637448,?,?,?,?,1,?,5,1
1973987,?,?,?,?,?,?,2,1
1973987,?,?,?,?,1,?,5,1
?,?,?,30,?,?,?,4,0
?,1095264,?,30,?,?,?,1,0
1300797,?,?,?,?,?,?,2,0
1300797,?,?,?,?,1,?,5,0
549450,?,?,?,?,?,?,2,0
549450,?,?,?,?,4,?,5,0
678738,?,?,?,?,?,?,2,0
678738,?,?,?,1,?,?,6,0
1550327,?,?,?,?,?,?,2,0
1550327,?,?,?,?,9,?,5,0
1407507,?,?,?,?,?,?,2,0
1407507,?,?,?,?,4,?,5,0
?,?,16,?,?,?,?,3,0
892662,?,16,?,?,?,?,2,0
?,?,?,43,?,?,?,4,0
?,5645277,?,43,?,?,?,1,0
355373,?,14,?,?,?,?,2,1
50111,?,?,?,?,?,?,2,1
50111,?,?,?,?,4,?,5,1
934428,?,?,?,?,?,?,2,1
934428,?,?,?,8,?,?,6,1
104043,?,?,?,?,?,?,2,0
104043,?,?,?,?,8,?,5,0
1278351,?,?,?,?,?,?,2,1
1278351,?,?,?,5,?,?,6,1
328568,?,?,?,?,?,?,2,1
328568,?,?,?,?,9,?,5,1
233268,?,?,?,?,?,?,2,0
233268,?,?,?,0,?,?,6,0
1875586,?,?,?,?,?,?,2,0
1875586,?,?,?,?,6,?,5,0
1737763,?,?,?,?,?,?,2,1
1737763,?,?,?,?,4,?,5,1
866646,?,?,?,?,?,?,2,1
866646,?,?,?,3,?,?,6,1
130775,?,?,?,?,?,?,2,1
130775,?,?,?,?,2,?,5,1
1388094,?,?,?,?,?,?,2,0
1388094,?,?,?,8,?,?,6,0
1645012,?,?,?,?,?,?,2,0
1645012,?,?,?,0,?,?,6,0
316296,?,?,?,?,?,?,2,0
316296,?,?,?,0,?,?,6,0
1309897,?,?,?,?,?,?,2,0
1309897,?,?,?,?,9,?,5,0
432225,?,?,?,?,?,?,2,1
432225,?,?,?,5,?,?,6,1
286875,?,?,?,?,?,?,2,1
286875,?,?,?,4,?,?,6,1
1023414,?,?,?,?,?,?,2,0
1023414,?,?,?,1,?,?,6,0
?,4038663,?,?,?,?,?,1,0
?,3762651,?,?,?,?,?,1,0
?,4038663,?,?,?,?,4,7,0
760337,?,?,?,?,?,?,2,0
760337,?,?,?,2,?,?,6,0
1539580,?,?,?,?,?,?,2,0
1539580,?,?,?,0,?,?,6,0
1736517,?,?,?,?,?,?,2,0
1736517,?,?,?,6,?,?,6,0
1583188,?,?,?,?,?,?,2,0
1583188,?,?,?,?,1,?,5,0
1055804,?,?,?,?,?,?,2,0
1055804,?,?,?,9,?,?,6,0
64072,?,?,?,?,?,?,2,1
64072,?,?,?,4,?,?,6,1
?,?,0,?,?,?,?,3,0
1903951,?,0,?,?,?,?,2,0
?,5218246,?,?,?,?,?,1,0
?,3659340,?,?,?,?,?,1,0
?,5218246,?,?,?,?,4,7,0
864281,?,?,?,?,?,?,2,1
864281,?,?,?,?,4,?,5,1
584624,?,?,?,?,?,?,2,1
584624,?,?,?,?,7,?,5,1
1199456,?,?,?,?,?,?,2,1
1199456,?,?,?,6,?,?,6,1
1208578,?,?,?,?,?,?,2,0
1208578,?,?,?,?,7,?,5,0
1590081,?,?,?,?,?,?,2,1
1590081,?,?,?,0,?,?,6,1
1613463,?,?,?,?,?,?,2,0
1613463,?,?,?,9,?,?,6,0
76117,?,?,?,?,?,?,2,0
76117,?,?,?,5,?,?,6,0
1365561,?,?,?,?,?,?,2,1
1365561,?,?,?,5,?,?,6,1
?,?,?,25,?,?,?,4,1
?,3952655,?,25,?,?,?,1,1
1498783,?,7,?,?,?,?,2,1
1301162,?,?,?,?,?,?,2,1
1301162,?,?,?,8,?,?,6,1
397846,?,?,?,?,?,?,2,0
397846,?,?,?,?,7,?,5,0
1719532,?,?,?,?,?,?,2,1
1719532,?,?,?,?,5,?,5,1
224987,?,?,?,?,?,?,2,0
224987,?,?,?,2,?,?,6,0
?,4315628,?,?,?,?,?,1,0
?,2766223,?,?,?,?,?,1,0
?,4315628,?,?,?,?,2,7,0
277128,?,?,?,?,?,?,2,1
277128,?,?,?,?,3,?,5,1
321829,?,?,?,?,?,?,2,0
321829,?,?,?,?,8,?,5,0
1515606,?,?,?,?,?,?,2,1
1515606,?,?,?,?,0,?,5,1
882669,?,?,?,?,?,?,2,1
882669,?,?,?,9,?,?,6,1
?,4296503,?,?,?,?,?,1,1
?,4809270,?,?,?,?,?,1,1
?,4296503,?,?,?,?,9,7,1
615125,?,?,?,?,?,?,2,1
615125,?,?,?,?,9,?,5,1
639987,?,?,?,?,?,?,2,0
639987,?,?,?,?,1,?,5,0
?,3066263,?,?,?,?,?,1,0
?,5450820,?,?,?,?,?,1,0
?,3066263,?,?,?,?,4,7,0
307015,?,?,?,?,?,?,2,1
307015,?,?,?,6,?,?,6,1
1649280,?,?,?,?,?,?,2,1
1649280,?,?,?,?,7,?,5,1
331875,?,?,?,?,?,?,2,1
331875,?,?,?,0,?,?,6,1
1300775,?,?,?,?,?,?,2,1
1300775,?,?,?,?,1,?,5,1
209351,?,?,?,?,?,?,2,0
209351,?,?,?,3,?,?,6,0
170609,?,?,?,?,?,?,2,0
170609,?,?,?,?,6,?,5,0
49779,?,?,?,?,?,?,2,1
49779,?,?,?,3,?,?,6,1
869453,?,?,?,?,?,?,2,0
869453,?,?,?,9,?,?,6,0
553348,?,?,?,?,?,?,2,1
553348,?,?,?,9,?,?,6,1
16464,?,?,?,?,?,?,2,0
16464,?,?,?,2,?,?,6,0
29804,?,?,?,?,?,?,2,0
29804,?,?,?,?,6,?,5,0
690682,?,?,?,?,?,?,2,0
690682,?,?,?,?,0,?,5,0
1668933,?,?,?,?,?,?,2,0
1668933,?,?,?,?,4,?,5,0
414850,?,?,?,?,?,?,2,1
414850,?,?,?,?,8,?,5,1
1270021,?,?,?,?,?,?,2,1
1270021,?,?,?,?,5,?,5,1
61348,?,?,?,?,?,?,2,0
61348,?,?,?,3,?,?,6,0
699287,?,?,?,?,?,?,2,0
699287,?,?,?,?,1,?,5,0
868519,?,?,?,?,?,?,2,1
868519,?,?,?,?,1,?,5,1
772903,?,?,?,?,?,?,2,1
772903,?,?,?,?,7,?,5,1
479385,?,?,?,?,?,?,2,0
479385,?,?,?,3,?,?,6,0
802448,?,?,?,?,?,?,2,1
802448,?,?,?,8,?,?,6,1
1135914,?,?,?,?,?,?,2,1
1135914,?,?,?,3,?,?,6,1
?,1208239,?,?,?,?,?,1,0
?,5444865,?,?,?,?,?,1,0
?,1208239,?,?,?,?,6,7,0
1583944,?,?,?,?,?,?,2,0
1583944,?,?,?,7,?,?,6,0
?,?,?,31,?,?,?,4,1
?,689704,?,31,?,?,?,1,1
237042,?,?,?,?,?,?,2,1
237042,?,?,?,?,0,?,5,1
1199055,?,?,?,?,?,?,2,1
1199055,?,?,?,?,7,?,5,1
?,?,?,6,?,?,?,4,1
?,4365683,?,6,?,?,?,1,1
1447927,?,?,?,?,?,?,2,0
1447927,?,?,?,?,1,?,5,0
1997889,?,?,?,?,?,?,2,0
1997889,?,?,?,?,2,?,5,0
?,?,?,24,?,?,?,4,0
?,2747781,?,24,?,?,?,1,0
408903,?,?,?,?,?,?,2,1
408903,?,?,?,?,2,?,5,1
928162,?,?,?,?,?,?,2,1
928162,?,?,?,9,?,?,6,1
955435,?,?,?,?,?,?,2,0
955435,?,?,?,?,0,?,5,0
1036535,?,?,?,?,?,?,2,0
1036535,?,?,?,0,?,?,6,0
634710,?,?,?,?,?,?,2,0
634710,?,?,?,?,3,?,5,0
290584,?,?,?,?,?,?,2,1
290584,?,?,?,6,?,?,6,1
1478731,?,?,?,?,?,?,2,1
1478731,?,?,?,?,0,?,5,1
1270688,?,?,?,?,?,?,2,0
1270688,?,?,?,1,?,?,6,0
391366,?,?,?,?,?,?,2,1
391366,?,?,?,8,?,?,6,1
1509737,?,?,?,?,?,?,2,1
1509737,?,?,?,?,9,?,5,1
865983,?,?,?,?,?,?,2,1
865983,?,?,?,?,0,?,5,1
1001321,?,4,?,?,?,?,2,0
?,4058153,?,?,?,?,?,1,1
?,1466801,?,?,?,?,?,1,1
?,4058153,?,?,?,?,2,7,1
942119,?,?,?,?,?,?,2,0
942119,?,?,?,?,5,?,5,0
?,1258954,?,?,?,?,?,1,1
?,306185,?,?,?,?,?,1,1
?,1258954,?,?,?,?,9,7,1
758021,?,?,?,?,?,?,2,1
758021,?,?,?,7,?,?,6,1
701498,?,?,?,?,?,?,2,1
701498,?,?,?,6,?,?,6,1
592941,?,?,?,?,?,?,2,1
592941,?,?,?,3,?,?,6,1
1061973,?,?,?,?,?,?,2,0
1061973,?,?,?,0,?,?,6,0
1537909,?,?,?,?,?,?,2,1
1537909,?,?,?,?,7,?,5,1
1061215,?,?,?,?,?,?,2,1
1061215,?,?,?,?,3,?,5,1
1325305,?,?,?,?,?,?,2,1
1325305,?,?,?,4,?,?,6,1
1346924,?,?,?,?,?,?,2,1
1346924,?,?,?,?,4,?,5,1
1707534,?,?,?,?,?,?,2,1
1707534,?,?,?,?,0,?,5,1
1793206,?,?,?,?,?,?,2,1
1793206,?,?,?,?,6,?,5,1
767097,?,?,?,?,?,?,2,1
767097,?,?,?,2,?,?,6,1
876920,?,?,?,?,?,?,2,1
876920,?,?,?,6,?,?,6,1
52210,?,?,?,?,?,?,2,1
52210,?,?,?,?,0,?,5,1
589421,?,?,?,?,?,?,2,1
589421,?,?,?,6,?,?,6,1
1818067,?,?,?,?,?,?,2,0
1818067,?,?,?,?,6,?,5,0
552414,?,?,?,?,?,?,2,1
552414,?,?,?,?,8,?,5,1
1833667,?,?,?,?,?,?,2,0
1833667,?,?,?,5,?,?,6,0
36214,?,?,?,?,?,?,2,1
36214,?,?,?,?,8,?,5,1
1219974,?,?,?,?,?,?,2,1
1219974,?,?,?,?,7,?,5,1
709115,?,?,?,?,?,?,2,1
709115,?,?,?,3,?,?,6,1
1056638,?,?,?,?,?,?,2,1
1056638,?,?,?,2,?,?,6,1
1061895,?,?,?,?,?,?,2,0
1061895,?,?,?,9,?,?,6,0
?,1211755,?,15,?,?,?,1,0
1419684,?,?,?,?,?,?,2,0
1419684,?,?,?,2,?,?,6,0
722398,?,?,?,?,?,?,2,0
722398,?,?,?,?,9,?,5,0
202358,?,?,?,?,?,?,2,1
202358,?,?,?,1,?,?,6,1
349838,?,?,?,?,?,?,2,1
349838,?,?,?,?,4,?,5,1
204963,?,?,?,?,?,?,2,1
204963,?,?,?,3,?,?,6,1
1396922,?,?,?,?,?,?,2,1
1396922,?,?,?,5,?,?,6,1
574041,?,?,?,?,?,?,2,1
574041,?,?,?,0,?,?,6,1
971049,?,?,?,?,?,?,2,1
971049,?,?,?,?,1,?,5,1
566257,?,?,?,?,?,?,2,1
566257,?,?,?,?,0,?,5,1
204557,?,?,?,?,?,?,2,1
204557,?,?,?,3,?,?,6,1
894476,?,?,?,?,?,?,2,0
894476,?,?,?,?,0,?,5,0
?,4704594,?,?,?,?,?,1,0
?,3669094,?,?,?,?,?,1,0
?,4704594,?,?,?,?,8,7,0
1617296,?,?,?,?,?,?,2,0
1617296,?,?,?,1,?,?,6,0
699313,?,?,?,?,?,?,2,1
699313,?,?,?,?,1,?,5,1
1987052,?,?,?,?,?,?,2,1
1987052,?,?,?,3,?,?,6,1
1296813,?,?,?,?,?,?,2,0
1296813,?,?,?,4,?,?,6,0
1829739,?,?,?,?,?,?,2,0
1829739,?,?,?,?,6,?,5,0
1167510,?,?,?,?,?,?,2,1
1167510,?,?,?,4,?,?,6,1
497743,?,?,?,?,?,?,2,1
497743,?,?,?,0,?,?,6,1
1344928,?,?,?,?,?,?,2,1
1344928,?,?,?,6,?,?,6,1
609093,?,?,?,?,?,?,2,1
609093,?,?,?,4,?,?,6,1
1392993,?,?,?,?,?,?,2,1
1392993,?,?,?,4,?,?,6,1
374354,?,?,?,?,?,?,2,1
374354,?,?,?,9,?,?,6,1
1444542,?,?,?,?,?,?,2,1
1444542,?,?,?,8,?,?,6,1
381335,?,?,?,?,?,?,2,1
381335,?,?,?,?,5,?,5,1
1145391,?,?,?,?,?,?,2,1
1145391,?,?,?,2,?,?,6,1
288162,?,10,?,?,?,?,2,0
?,?,?,48,?,?,?,4,1
?,3037003,?,48,?,?,?,1,1
1003383,?,?,?,?,?,?,2,1
1003383,?,?,?,?,3,?,5,1
1546083,?,?,?,?,?,?,2,1
1546083,?,?,?,?,3,?,5,1
1249849,?,?,?,?,?,?,2,0
1249849,?,?,?,4,?,?,6,0
812151,?,?,?,?,?,?,2,1
812151,?,?,?,?,3,?,5,1
819446,?,?,?,?,?,?,2,0
819446,?,?,?,7,?,?,6,0
529577,?,?,?,?,?,?,2,0
529577,?,?,?,?,4,?,5,0
620613,?,?,?,?,?,?,2,0
620613,?,?,?,3,?,?,6,0
119396,?,?,?,?,?,?,2,1
119396,?,?,?,?,6,?,5,1
502719,?,?,?,?,?,?,2,0
502719,?,?,?,?,2,?,5,0
?,?,?,45,?,?,?,4,0
?,2240407,?,45,?,?,?,1,0
1898975,?,?,?,?,?,?,2,1
1898975,?,?,?,?,9,?,5,1
1136623,?,?,?,?,?,?,2,0
1136623,?,?,?,?,4,?,5,0
1708449,?,?,?,?,?,?,2,0
1708449,?,?,?,0,?,?,6,0
1531045,?,?,?,?,?,?,2,1
1531045,?,?,?,1,?,?,6,1
264118,?,?,?,?,?,?,2,0
264118,?,?,?,?,4,?,5,0
1604134,?,?,?,?,?,?,2,0
1604134,?,?,?,5,?,?,6,0
794969,?,?,?,?,?,?,2,1
794969,?,?,?,?,7,?,5,1
331933,?,?,?,?,?,?,2,1
331933,?,?,?,5,?,?,6,1
857545,?,?,?,?,?,?,2,1
857545,?,?,?,7,?,?,6,1
1363442,?,?,?,?,?,?,2,1
1363442,?,?,?,?,0,?,5,1
1460550,?,?,?,?,?,?,2,0
1460550,?,?,?,2,?,?,6,0
?,4078496,?,18,?,?,?,1,1
109015,?,?,?,?,?,?,2,1
109015,?,?,?,?,0,?,5,1
1446999,?,?,?,?,?,?,2,1
1446999,?,?,?,2,?,?,6,1
?,3884491,?,?,?,?,?,1,0
?,5163871,?,?,?,?,?,1,0
?,3884491,?,?,?,?,7,7,0
?,4644513,?,15,?,?,?,1,0
1511332,?,?,?,?,?,?,2,1
1511332,?,?,?,9,?,?,6,1
1646745,?,?,?,?,?,?,2,0
1646745,?,?,?,?,5,?,5,0
1483215,?,?,?,?,?,?,2,0
1483215,?,?,?,?,0,?,5,0
303399,?,?,?,?,?,?,2,1
303399,?,?,?,?,8,?,5,1
1408518,?,?,?,?,?,?,2,0
1408518,?,?,?,1,?,?,6,0
511615,?,?,?,?,?,?,2,0
511615,?,?,?,1,?,?,6,0
1520360,?,?,?,?,?,?,2,0
1520360,?,?,?,2,?,?,6,0
?,4173720,?,?,?,?,?,1,1
?,3322319,?,?,?,?,?,1,1
?,4173720,?,?,?,?,7,7,1
1249900,?,?,?,?,?,?,2,1
1249900,?,?,?,4,?,?,6,1
23060,?,?,?,?,?,?,2,1
23060,?,?,?,?,4,?,5,1
481223,?,?,?,?,?,?,2,1
481223,?,?,?,?,7,?,5,1
633688,?,?,?,?,?,?,2,1
633688,?,?,?,?,8,?,5,1
298431,?,?,?,?,?,?,2,0
298431,?,?,?,0,?,?,6,0
1813971,?,?,?,?,?,?,2,0
1813971,?,?,?,?,4,?,5,0
1021642,?,?,?,?,?,?,2,1
1021642,?,?,?,8,?,?,6,1
256092,?,?,?,?,?,?,2,0
256092,?,?,?,?,3,?,5,0
265645,?,?,?,?,?,?,2,0
265645,?,?,?,7,?,?,6,0
1855522,?,?,?,?,?,?,2,0
1855522,?,?,?,?,0,?,5,0
1023187,?,?,?,?,?,?,2,0
1023187,?,?,?,?,0,?,5,0
1643636,?,?,?,?,?,?,2,0
1643636,?,?,?,2,?,?,6,0
820480,?,?,?,?,?,?,2,0
820480,?,?,?,?,0,?,5,0
238311,?,?,?,?,?,?,2,0
238311,?,?,?,?,3,?,5,0
1277768,?,?,?,?,?,?,2,0
1277768,?,?,?,?,8,?,5,0
1169013,?,?,?,?,?,?,2,0
1169013,?,?,?,6,?,?,6,0
1353940,?,?,?,?,?,?,2,1
1353940,?,?,?,?,6,?,5,1
1871336,?,?,?,?,?,?,2,1
1871336,?,?,?,?,5,?,5,1
833484,?,?,?,?,?,?,2,1
833484,?,?,?,?,5,?,5,1
1154117,?,?,?,?,?,?,2,1
1154117,?,?,?,?,7,?,5,1
450158,?,?,?,?,?,?,2,1
450158,?,?,?,2,?,?,6,1
742071,?,?,?,?,?,?,2,1
742071,?,?,?,?,2,?,5,1
368626,?,?,?,?,?,?,2,1
368626,?,?,?,6,?,?,6,1
1305949,?,?,?,?,?,?,2,0
1305949,?,?,?,?,3,?,5,0
1928205,?,?,?,?,?,?,2,0
1928205,?,?,?,7,?,?,6,0
647256,?,?,?,?,?,?,2,1
647256,?,?,?,5,?,?,6,1
1053709,?,?,?,?,?,?,2,0
1053709,?,?,?,?,4,?,5,0
1738915,?,?,?,?,?,?,2,1
1738915,?,?,?,?,7,?,5,1
334367,?,?,?,?,?,?,2,1
334367,?,?,?,3,?,?,6,1
?,?,?,49,?,?,?,4,1
?,5980496,?,49,?,?,?,1,1
1425041,?,?,?,?,?,?,2,0
1425041,?,?,?,2,?,?,6,0
184378,?,?,?,?,?,?,2,0
184378,?,?,?,4,?,?,6,0
321584,?,?,?,?,?,?,2,0
321584,?,?,?,2,?,?,6,0
1593561,?,7,?,?,?,?,2,1
1494255,?,?,?,?,?,?,2,0
1494255,?,?,?,8,?,?,6,0
1211786,?,?,?,?,?,?,2,1
1211786,?,?,?,?,0,?,5,1
?,?,?,54,?,?,?,4,1
?,1532129,?,54,?,?,?,1,1
1886861,?,?,?,?,?,?,2,0
1886861,?,?,?,6,?,?,6,0
1611937,?,?,?,?,?,?,2,0
1611937,?,?,?,?,5,?,5,0
1672163,?,?,?,?,?,?,2,0
1672163,?,?,?,?,6,?,5,0
540505,?,?,?,?,?,?,2,1
540505,?,?,?,?,1,?,5,1
1263437,?,?,?,?,?,?,2,1
1263437,?,?,?,?,9,?,5,1
344525,?,?,?,?,?,?,2,1
344525,?,?,?,0,?,?,6,1
1914168,?,?,?,?,?,?,2,1
1914168,?,?,?,?,9,?,5,1
751316,?,?,?,?,?,?,2,0
751316,?,?,?,?,2,?,5,0
?,3752991,?,?,?,?,?,1,1
?,1188260,?,?,?,?,?,1,1
?,3752991,?,?,?,?,2,7,1
?,4590782,?,?,?,?,?,1,1
?,2643426,?,?,?,?,?,1,1
?,4590782,?,?,?,?,2,7,1
797010,?,?,?,?,?,?,2,0
797010,?,?,?,?,5,?,5,0
1187898,?,?,?,?,?,?,2,0
1187898,?,?,?,?,5,?,5,0
1427334,?,?,?,?,?,?,2,0
1427334,?,?,?,5,?,?,6,0
626874,?,?,?,?,?,?,2,0
626874,?,?,?,?,0,?,5,0
339342,?,?,?,?,?,?,2,1
339342,?,?,?,7,?,?,6,1
?,?,1,?,?,?,?,3,1
1690622,?,1,?,?,?,?,2,1
1891700,?,?,?,?,?,?,2,1
1891700,?,?,?,?,2,?,5,1
50846,?,?,?,?,?,?,2,1
50846,?,?,?,?,4,?,5,1
1090089,?,?,?,?,?,?,2,1
1090089,?,?,?,9,?,?,6,1
495330,?,?,?,?,?,?,2,1
495330,?,?,?,4,?,?,6,1
325528,?,0,?,?,?,?,2,0
1486084,?,?,?,?,?,?,2,1
1486084,?,?,?,9,?,?,6,1
1454443,?,?,?,?,?,?,2,0
1454443,?,?,?,?,7,?,5,0
1331318,?,?,?,?,?,?,2,0
1331318,?,?,?,3,?,?,6,0
898616,?,?,?,?,?,?,2,1
898616,?,?,?,?,5,?,5,1
1263660,?,?,?,?,?,?,2,1
1263660,?,?,?,?,1,?,5,1
603948,?,?,?,?,?,?,2,1
603948,?,?,?,6,?,?,6,1
1007311,?,?,?,?,?,?,2,0
1007311,?,?,?,?,2,?,5,0
1792413,?,?,?,?,?,?,2,1
1792413,?,?,?,4,?,?,6,1
?,1956008,?,?,?,?,?,1,0
?,5486216,?,?,?,?,?,1,0
?,1956008,?,?,?,?,7,7,0
723002,?,?,?,?,?,?,2,1
723002,?,?,?,4,?,?,6,1
1538852,?,?,?,?,?,?,2,0
1538852,?,?,?,?,8,?,5,0
1834714,?,?,?,?,?,?,2,1
1834714,?,?,?,?,7,?,5,1
1486230,?,?,?,?,?,?,2,1
1486230,?,?,?,1,?,?,6,1
627879,?,?,?,?,?,?,2,1
627879,?,?,?,1,?,?,6,1
536190,?,?,?,?,?,?,2,1
536190,?,?,?,?,6,?,5,1
1163404,?,?,?,?,?,?,2,0
1163404,?,?,?,0,?,?,6,0
70559,?,?,?,?,?,?,2,1
70559,?,?,?,4,?,?,6,1
763927,?,?,?,?,?,?,2,0
763927,?,?,?,8,?,?,6,0
1320446,?,?,?,?,?,?,2,0
1320446,?,?,?,3,?,?,6,0
422963,?,?,?,?,?,?,2,1
422963,?,?,?,0,?,?,6,1
1688360,?,15,?,?,?,?,2,1
1825490,?,?,?,?,?,?,2,1
1825490,?,?,?,?,1,?,5,1
210962,?,?,?,?,?,?,2,1
210962,?,?,?,?,8,?,5,1
?,?,13,?,?,?,?,3,1
107889,?,13,?,?,?,?,2,1
1731100,?,?,?,?,?,?,2,0
1731100,?,?,?,?,1,?,5,0
1448819,?,?,?,?,?,?,2,0
1448819,?,?,?,?,9,?,5,0
1571373,?,?,?,?,?,?,2,0
1571373,?,?,?,?,7,?,5,0
703328,?,?,?,?,?,?,2,1
703328,?,?,?,5,?,?,6,1
757119,?,?,?,?,?,?,2,0
757119,?,?,?,?,1,?,5,0
250698,?,?,?,?,?,?,2,0
250698,?,?,?,1,?,?,6,0
504755,?,?,?,?,?,?,2,1
504755,?,?,?,3,?,?,6,1
907665,?,?,?,?,?,?,2,1
907665,?,?,?,0,?,?,6,1
309702,?,?,?,?,?,?,2,1
309702,?,?,?,0,?,?,6,1
?,2264508,?,25,?,?,?,1,1
626032,?,?,?,?,?,?,2,1
626032,?,?,?,6,?,?,6,1
983682,?,?,?,?,?,?,2,1
983682,?,?,?,?,4,?,5,1
1674731,?,?,?,?,?,?,2,1
1674731,?,?,?,8,?,?,6,1
1853523,?,?,?,?,?,?,2,1
1853523,?,?,?,?,7,?,5,1
927532,?,?,?,?,?,?,2,0
927532,?,?,?,0,?,?,6,0
1361598,?,?,?,?,?,?,2,1
1361598,?,?,?,5,?,?,6,1
?,2631782,?,?,?,?,?,1,1
?,2537720,?,?,?,?,?,1,1
?,2631782,?,?,?,?,8,7,1
1660942,?,?,?,?,?,?,2,0
1660942,?,?,?,?,4,?,5,0
1450647,?,?,?,?,?,?,2,1
1450647,?,?,?,?,5,?,5,1
953573,?,?,?,?,?,?,2,1
953573,?,?,?,3,?,?,6,1
1735049,?,?,?,?,?,?,2,0
1735049,?,?,?,?,3,?,5,0
668909,?,?,?,?,?,?,2,0
668909,?,?,?,9,?,?,6,0
1332032,?,?,?,?,?,?,2,0
1332032,?,?,?,9,?,?,6,0
1881392,?,?,?,?,?,?,2,0
1881392,?,?,?,?,4,?,5,0
553970,?,?,?,?,?,?,2,0
553970,?,?,?,1,?,?,6,0
1288155,?,?,?,?,?,?,2,1
1288155,?,?,?,?,8,?,5,1
?,?,?,2,?,?,?,4,1
?,3072566,?,2,?,?,?,1,1
1453356,?,?,?,?,?,?,2,0
1453356,?,?,?,?,6,?,5,0
1852803,?,?,?,?,?,?,2,0
1852803,?,?,?,2,?,?,6,0
1786978,?,?,?,?,?,?,2,0
1786978,?,?,?,2,?,?,6,0
1336770,?,?,?,?,?,?,2,0
1336770,?,?,?,?,6,?,5,0
?,5263571,?,?,?,?,?,1,0
?,4442445,?,?,?,?,?,1,0
?,5263571,?,?,?,?,6,7,0
?,1285231,?,?,?,?,?,1,0
?,280257,?,?,?,?,?,1,0
?,1285231,?,?,?,?,4,7,0
574193,?,?,?,?,?,?,2,1
574193,?,?,?,5,?,?,6,1
1277550,?,?,?,?,?,?,2,1
1277550,?,?,?,?,5,?,5,1
1723370,?,?,?,?,?,?,2,0
1723370,?,?,?,2,?,?,6,0
1370650,?,?,?,?,?,?,2,0
1370650,?,?,?,2,?,?,6,0
359888,?,?,?,?,?,?,2,0
359888,?,?,?,3,?,?,6,0
748279,?,?,?,?,?,?,2,0
748279,?,?,?,?,9,?,5,0
1281568,?,?,?,?,?,?,2,1
1281568,?,?,?,?,6,?,5,1
1793877,?,?,?,?,?,?,2,0
1793877,?,?,?,?,6,?,5,0
515162,?,?,?,?,?,?,2,1
515162,?,?,?,1,?,?,6,1
134990,?,?,?,?,?,?,2,1
134990,?,?,?,8,?,?,6,1
1423862,?,?,?,?,?,?,2,1
1423862,?,?,?,?,7,?,5,1
619893,?,?,?,?,?,?,2,0
619893,?,?,?,?,4,?,5,0
251233,?,?,?,?,?,?,2,0
251233,?,?,?,?,9,?,5,0
1723722,?,?,?,?,?,?,2,1
1723722,?,?,?,7,?,?,6,1
1970783,?,?,?,?,?,?,2,1
1970783,?,?,?,4,?,?,6,1
20849,?,?,?,?,?,?,2,0
20849,?,?,?,?,8,?,5,0
1835795,?,?,?,?,?,?,2,0
1835795,?,?,?,?,6,?,5,0
1782107,?,?,?,?,?,?,2,0
1782107,?,?,?,5,?,?,6,0
257059,?,?,?,?,?,?,2,1
257059,?,?,?,7,?,?,6,1
1075635,?,?,?,?,?,?,2,1
1075635,?,?,?,7,?,?,6,1
918302,?,?,?,?,?,?,2,0
918302,?,?,?,?,3,?,5,0
1461399,?,?,?,?,?,?,2,0
1461399,?,?,?,?,2,?,5,0
1346333,?,?,?,?,?,?,2,0
1346333,?,?,?,?,7,?,5,0
26835,?,?,?,?,?,?,2,1
26835,?,?,?,?,2,?,5,1
1541681,?,?,?,?,?,?,2,1
1541681,?,?,?,7,?,?,6,1
1807899,?,?,?,?,?,?,2,1
1807899,?,?,?,9,?,?,6,1
127679,?,?,?,?,?,?,2,0
127679,?,?,?,?,0,?,5,0
1577914,?,?,?,?,?,?,2,0
1577914,?,?,?,5,?,?,6,0
1668728,?,?,?,?,?,?,2,1
1668728,?,?,?,?,9,?,5,1
1800848,?,?,?,?,?,?,2,1
1800848,?,?,?,1,?,?,6,1
317868,?,?,?,?,?,?,2,0
317868,?,?,?,?,7,?,5,0
1080077,?,5,?,?,?,?,2,1
1436114,?,11,?,?,?,?,2,0
958641,?,?,?,?,?,?,2,0
958641,?,?,?,?,0,?,5,0
1377353,?,?,?,?,?,?,2,1
1377353,?,?,?,8,?,?,6,1
159432,?,?,?,?,?,?,2,1
159432,?,?,?,0,?,?,6,1
1366517,?,?,?,?,?,?,2,0
1366517,?,?,?,?,0,?,5,0
1973488,?,?,?,?,?,?,2,0
1973488,?,?,?,3,?,?,6,0
1596172,?,?,?,?,?,?,2,0
1596172,?,?,?,0,?,?,6,0
324779,?,?,?,?,?,?,2,1
324779,?,?,?,?,1,?,5,1
722971,?,?,?,?,?,?,2,1
722971,?,?,?,?,4,?,5,1
468579,?,?,?,?,?,?,2,1
468579,?,?,?,0,?,?,6,1
1333599,?,4,?,?,?,?,2,0
1485113,?,?,?,?,?,?,2,1
1485113,?,?,?,?,2,?,5,1
1200841,?,?,?,?,?,?,2,1
1200841,?,?,?,3,?,?,6,1
894321,?,?,?,?,?,?,2,1
894321,?,?,?,1,?,?,6,1
1220911,?,?,?,?,?,?,2,1
1220911,?,?,?,4,?,?,6,1
290841,?,?,?,?,?,?,2,1
290841,?,?,?,?,2,?,5,1
58946,?,?,?,?,?,?,2,0
58946,?,?,?,2,?,?,6,0
434847,?,?,?,?,?,?,2,0
434847,?,?,?,?,3,?,5,0
1905756,?,?,?,?,?,?,2,1
1905756,?,?,?,4,?,?,6,1
1522018,?,16,?,?,?,?,2,0
442266,?,?,?,?,?,?,2,1
442266,?,?,?,1,?,?,6,1
884482,?,?,?,?,?,?,2,0
884482,?,?,?,?,1,?,5,0
1544652,?,?,?,?,?,?,2,0
1544652,?,?,?,2,?,?,6,0
1381823,?,?,?,?,?,?,2,1
1381823,?,?,?,?,7,?,5,1
594975,?,?,?,?,?,?,2,1
594975,?,?,?,1,?,?,6,1
882862,?,?,?,?,?,?,2,1
882862,?,?,?,?,4,?,5,1
60508,?,?,?,?,?,?,2,1
60508,?,?,?,?,4,?,5,1
1755104,?,?,?,?,?,?,2,0
1755104,?,?,?,?,0,?,5,0
963952,?,?,?,?,?,?,2,0
963952,?,?,?,9,?,?,6,0
946813,?,?,?,?,?,?,2,0
946813,?,?,?,?,8,?,5,0
8750,?,?,?,?,?,?,2,1
8750,?,?,?,?,1,?,5,1
827718,?,?,?,?,?,?,2,1
827718,?,?,?,5,?,?,6,1
1392450,?,3,?,?,?,?,2,1
?,2495265,?,?,?,?,?,1,1
?,1406780,?,?,?,?,?,1,1
?,2495265,?,?,?,?,2,7,1
783393,?,?,?,?,?,?,2,1
783393,?,?,?,0,?,?,6,1
486,?,?,?,?,?,?,2,0
486,?,?,?,8,?,?,6,0
1179718,?,?,?,?,?,?,2,0
1179718,?,?,?,?,6,?,5,0
372625,?,?,?,?,?,?,2,0
372625,?,?,?,1,?,?,6,0
705539,?,?,?,?,?,?,2,0
705539,?,?,?,0,?,?,6,0
526937,?,?,?,?,?,?,2,1
526937,?,?,?,3,?,?,6,1
1960679,?,?,?,?,?,?,2,1
1960679,?,?,?,?,1,?,5,1
?,4063539,?,?,?,?,?,1,1
?,2318169,?,?,?,?,?,1,1
?,4063539,?,?,?,?,5,7,1
1468313,?,?,?,?,?,?,2,0
1468313,?,?,?,4,?,?,6,0
434585,?,?,?,?,?,?,2,0
434585,?,?,?,0,?,?,6,0
1187555,?,?,?,?,?,?,2,0
1187555,?,?,?,0,?,?,6,0
1151419,?,?,?,?,?,?,2,0
1151419,?,?,?,0,?,?,6,0
478503,?,?,?,?,?,?,2,1
478503,?,?,?,4,?,?,6,1
214702,?,?,?,?,?,?,2,0
214702,?,?,?,?,5,?,5,0
1271044,?,?,?,?,?,?,2,0
1271044,?,?,?,3,?,?,6,0
1792764,?,?,?,?,?,?,2,1
1792764,?,?,?,?,7,?,5,1
750899,?,?,?,?,?,?,2,1
750899,?,?,?,2,?,?,6,1
567897,?,?,?,?,?,?,2,1
567897,?,?,?,?,3,?,5,1
?,?,?,23,?,?,?,4,1
?,114316,?,23,?,?,?,1,1
1506348,?,?,?,?,?,?,2,1
1506348,?,?,?,4,?,?,6,1
?,2041766,?,?,?,?,?,1,0
?,4260164,?,?,?,?,?,1,0
?,2041766,?,?,?,?,1,7,0
1169928,?,?,?,?,?,?,2,0
1169928,?,?,?,1,?,?,6,0
336498,?,?,?,?,?,?,2,0
336498,?,?,?,?,1,?,5,0
1664787,?,?,?,?,?,?,2,1
1664787,?,?,?,?,9,?,5,1
465005,?,?,?,?,?,?,2,1
465005,?,?,?,0,?,?,6,1
168937,?,?,?,?,?,?,2,0
168937,?,?,?,5,?,?,6,0
1915464,?,?,?,?,?,?,2,0
1915464,?,?,?,?,8,?,5,0
513906,?,?,?,?,?,?,2,1
513906,?,?,?,?,2,?,5,1
923838,?,?,?,?,?,?,2,1
923838,?,?,?,5,?,?,6,1
380680,?,?,?,?,?,?,2,0
380680,?,?,?,?,9,?,5,0
1083137,?,?,?,2,?,?,6,1
866996,?,?,?,?,?,?,2,0
866996,?,?,?,5,?,?,6,0
1162558,?,?,?,?,?,?,2,0
1162558,?,?,?,?,8,?,5,0
330378,?,?,?,?,?,?,2,0
330378,?,?,?,?,3,?,5,0
292936,?,?,?,?,?,?,2,0
292936,?,?,?,?,7,?,5,0
1331705,?,?,?,?,?,?,2,0
1331705,?,?,?,1,?,?,6,0
1249358,?,?,?,?,?,?,2,1
1249358,?,?,?,?,2,?,5,1
202774,?,?,?,?,?,?,2,0
202774,?,?,?,9,?,?,6,0
1818259,?,?,?,?,?,?,2,0
1818259,?,?,?,3,?,?,6,0
1440681,?,?,?,?,?,?,2,0
1440681,?,?,?,7,?,?,6,0
345941,?,?,?,?,?,?,2,1
345941,?,?,?,?,9,?,5,1
1255175,?,?,?,?,?,?,2,1
1255175,?,?,?,2,?,?,6,1
